Name,Age,Gender,Location
Laura Smith,55,Male,Los Angeles
Jane Smith,46,Female,Chicago
David Johnson,51,Female,Los Angeles
Chris Anderson,32,Female,San Diego
Jane Brown,36,Female,Phoenix
David Anderson,25,Female,New York
John Lee,40,Female,Phoenix
John Smith,19,Male,Philadelphia
Michael Johnson,65,Female,Phoenix
Sarah Lewis,19,Female,Los Angeles
Jane Hall,59,Male,San Antonio
Laura Hall,50,Female,Phoenix
Michael Smith,62,Female,Philadelphia
Jane Clark,43,Female,Houston
John Hall,53,Female,Philadelphia
Alex Smith,41,Female,New York
David Brown,61,Female,San Diego
Michael Lewis,44,Male,Houston
Jane Johnson,39,Female,San Diego
Sarah Johnson,58,Female,San Antonio
Emily Taylor,59,Female,New York
Katie Brown,24,Male,San Diego
John Lee,36,Male,Houston
David Clark,62,Female,Philadelphia
Chris Smith,45,Male,Houston
Laura Taylor,55,Male,Phoenix
Jane Hall,31,Female,Philadelphia
Chris Brown,24,Female,New York
John Hall,19,Male,Philadelphia
Chris Taylor,37,Female,San Diego
Chris Lee,30,Male,New York
Alex Lewis,43,Female,San Antonio
Sarah Brown,25,Male,San Diego
John Smith,23,Male,Chicago
Chris Walker,37,Male,Houston
John Brown,32,Female,Phoenix
Chris Hall,26,Male,New York
John Smith,36,Female,San Diego
Jane Lee,45,Female,Chicago
Katie Johnson,52,Male,San Diego
Sarah Smith,47,Male,San Antonio
David Lee,50,Female,San Diego
David Taylor,43,Male,San Antonio
Jane Johnson,64,Female,Phoenix
David Taylor,47,Male,San Diego
John Brown,62,Male,Phoenix
Jane Anderson,32,Female,Philadelphia
Michael Lee,32,Female,Los Angeles
Michael Smith,54,Male,Chicago
John Lee,33,Male,Houston
Chris Taylor,56,Male,Philadelphia
Emily Brown,47,Male,Houston
Laura Brown,55,Female,Philadelphia
John Brown,59,Female,Los Angeles
John Hall,41,Male,Houston
Laura Clark,20,Female,San Antonio
John Johnson,34,Male,Phoenix
Chris Hall,27,Female,Houston
Michael Walker,31,Male,San Antonio
Emily Hall,52,Female,San Diego
Jane Johnson,53,Male,Houston
Michael Lee,27,Male,Philadelphia
Jane Smith,22,Male,New York
Jane Smith,22,Female,San Diego
Chris Taylor,49,Female,New York
Chris Lee,46,Male,Chicago
John Lewis,58,Male,Chicago
Chris Anderson,38,Male,San Antonio
Sarah Walker,19,Female,Phoenix
Alex Walker,26,Female,Phoenix
Laura Brown,47,Male,New York
Sarah Clark,46,Female,San Antonio
John Smith,53,Male,San Antonio
Katie Brown,61,Female,Philadelphia
Alex Anderson,58,Female,New York
John Smith,20,Male,New York
Michael Brown,27,Male,Los Angeles
Alex Anderson,56,Male,New York
Alex Lee,54,Female,San Antonio
Chris Brown,20,Male,Houston
Emily Lee,19,Female,San Diego
Sarah Hall,57,Male,Chicago
Sarah Smith,45,Female,Los Angeles
Katie Johnson,53,Male,Chicago
Laura Lee,57,Female,Houston
David Clark,33,Female,Los Angeles
Jane Hall,60,Female,San Antonio
Laura Taylor,43,Female,Philadelphia
Laura Hall,53,Male,New York
Laura Hall,62,Female,Los Angeles
Michael Smith,38,Female,San Antonio
Chris Johnson,19,Male,New York
Michael Lewis,51,Male,Philadelphia
Alex Anderson,50,Male,San Diego
Jane Hall,33,Male,Houston
David Brown,28,Male,Philadelphia
David Walker,33,Male,San Antonio
David Smith,37,Female,Chicago
Sarah Taylor,22,Male,San Antonio
Alex Smith,31,Male,Philadelphia
John Lewis,30,Female,San Antonio
Emily Brown,56,Male,Philadelphia
Michael Anderson,20,Male,New York
Katie Taylor,54,Female,New York
Jane Johnson,18,Female,New York
David Lee,18,Female,Los Angeles
Alex Lewis,38,Male,Phoenix
Chris Taylor,62,Male,Philadelphia
David Lewis,40,Female,Phoenix
Emily Brown,54,Male,Phoenix
Laura Anderson,53,Male,San Diego
Sarah Lee,21,Female,Los Angeles
Laura Taylor,61,Male,San Antonio
Laura Johnson,61,Female,Chicago
Michael Lee,56,Female,Los Angeles
David Johnson,42,Female,San Diego
John Lee,65,Female,Chicago
Emily Hall,39,Male,Chicago
Sarah Lewis,63,Male,Chicago
David Walker,58,Male,San Diego
Emily Smith,52,Male,San Diego
Michael Lee,27,Female,Philadelphia
Emily Hall,37,Female,Houston
Chris Clark,34,Male,Houston
Sarah Johnson,56,Male,New York
Chris Walker,65,Male,New York
Laura Johnson,38,Female,Houston
Laura Lewis,62,Female,San Diego
David Smith,32,Male,Philadelphia
Sarah Brown,24,Female,New York
Emily Anderson,32,Male,Chicago
Chris Smith,45,Female,Chicago
Michael Anderson,61,Female,Phoenix
John Lewis,36,Male,Los Angeles
Chris Taylor,41,Male,San Antonio
Michael Anderson,25,Female,Houston
John Taylor,64,Female,Chicago
Emily Taylor,65,Male,Philadelphia
Katie Taylor,51,Male,San Antonio
Chris Johnson,58,Female,Phoenix
Chris Clark,61,Female,Philadelphia
Alex Johnson,50,Male,Chicago
Jane Lewis,57,Female,Houston
Laura Smith,32,Male,San Diego
Jane Smith,42,Male,Philadelphia
Michael Hall,18,Female,Houston
John Johnson,34,Male,Phoenix
Michael Clark,25,Male,Los Angeles
Chris Brown,24,Female,Phoenix
Katie Lee,62,Female,San Antonio
Chris Walker,57,Female,Houston
Chris Taylor,21,Female,San Diego
Emily Lee,60,Male,Houston
Chris Johnson,49,Male,San Diego
John Hall,50,Male,New York
David Walker,49,Male,San Diego
Chris Anderson,49,Female,Philadelphia
Alex Smith,45,Male,Phoenix
David Walker,25,Male,San Diego
Sarah Johnson,18,Male,Los Angeles
Laura Taylor,38,Female,Chicago
Emily Lewis,43,Male,San Antonio
Emily Brown,49,Female,Philadelphia
Jane Walker,18,Female,New York
Katie Taylor,22,Female,Chicago
Sarah Johnson,28,Female,New York
Chris Lewis,19,Male,Chicago
John Lewis,37,Male,San Antonio
Emily Clark,63,Female,Chicago
Laura Taylor,42,Male,New York
Sarah Lee,60,Male,Phoenix
Emily Anderson,18,Female,San Diego
David Lewis,57,Female,Phoenix
Chris Clark,19,Male,New York
Katie Anderson,39,Female,Phoenix
Emily Walker,20,Male,San Antonio
Katie Brown,35,Female,San Diego
Katie Lee,65,Female,New York
David Lee,42,Male,Phoenix
Michael Anderson,52,Female,San Antonio
Katie Lee,43,Female,Houston
Emily Smith,46,Female,Houston
Sarah Hall,48,Male,Chicago
John Walker,37,Female,Phoenix
David Anderson,52,Female,Chicago
Katie Taylor,46,Male,Phoenix
Alex Walker,27,Male,San Antonio
Jane Brown,32,Female,Houston
Katie Clark,28,Male,Philadelphia
Katie Brown,42,Male,San Diego
Alex Lewis,24,Female,San Antonio
Alex Johnson,58,Male,Philadelphia
John Brown,52,Male,Philadelphia
David Johnson,57,Female,San Antonio
Jane Taylor,52,Male,Chicago
Jane Johnson,43,Male,Phoenix
Sarah Johnson,59,Male,Houston
David Clark,42,Female,Philadelphia
Jane Anderson,41,Male,Houston
Sarah Lee,49,Female,Los Angeles
John Walker,29,Male,San Diego
Jane Smith,39,Female,Chicago
Laura Walker,20,Female,San Antonio
Alex Anderson,65,Female,Houston
Sarah Anderson,65,Male,Philadelphia
Michael Clark,21,Female,Philadelphia
Sarah Anderson,19,Female,Philadelphia
Laura Lewis,47,Female,New York
John Brown,56,Male,Los Angeles
Michael Johnson,49,Male,Houston
Jane Johnson,38,Male,Philadelphia
Laura Hall,61,Female,Phoenix
Sarah Brown,47,Female,San Diego
Michael Clark,51,Male,Houston
John Anderson,33,Female,Chicago
David Smith,48,Male,Los Angeles
John Lewis,30,Male,San Diego
Jane Anderson,46,Female,San Diego
Emily Johnson,56,Male,San Antonio
Emily Johnson,37,Male,San Antonio
Michael Hall,46,Female,San Diego
Katie Johnson,31,Male,Houston
Laura Brown,40,Female,New York
Chris Hall,49,Male,Los Angeles
Chris Johnson,63,Female,Phoenix
Emily Lee,30,Female,San Diego
David Smith,30,Male,Los Angeles
Michael Anderson,32,Female,New York
Alex Smith,61,Female,Chicago
Jane Johnson,48,Male,Los Angeles
Emily Smith,51,Female,Los Angeles
John Clark,33,Female,Los Angeles
Jane Smith,18,Female,Houston
Sarah Lee,64,Male,Chicago
John Anderson,33,Female,Chicago
Sarah Brown,18,Male,Houston
Chris Smith,50,Female,Los Angeles
Michael Lee,46,Female,Philadelphia
Michael Anderson,35,Male,San Antonio
Laura Taylor,38,Male,San Diego
John Walker,48,Female,Los Angeles
Katie Johnson,54,Male,Philadelphia
John Walker,57,Male,Phoenix
Emily Walker,37,Male,Phoenix
Katie Hall,55,Female,San Diego
Michael Anderson,30,Female,San Antonio
Chris Johnson,47,Female,Philadelphia
John Anderson,39,Male,Chicago
Michael Brown,25,Female,Chicago
David Hall,56,Female,Phoenix
David Clark,30,Female,San Antonio
Laura Clark,62,Male,Chicago
Alex Walker,53,Female,Phoenix
Michael Taylor,44,Female,San Diego
Chris Hall,40,Male,Chicago
Laura Clark,36,Female,Houston
Katie Lewis,30,Male,New York
Chris Smith,42,Male,Philadelphia
Chris Brown,26,Male,Los Angeles
Michael Lewis,42,Female,Philadelphia
Sarah Walker,65,Male,Chicago
John Anderson,62,Male,Houston
Laura Johnson,39,Male,Houston
Laura Clark,49,Male,Phoenix
Laura Johnson,30,Male,Houston
David Smith,28,Male,Chicago
Alex Hall,33,Female,Houston
Jane Anderson,32,Female,Philadelphia
Alex Johnson,33,Male,San Diego
Chris Anderson,19,Male,San Diego
Emily Taylor,27,Male,Phoenix
John Brown,44,Male,Houston
Katie Hall,42,Male,Los Angeles
Katie Smith,30,Male,San Diego
Michael Lewis,52,Female,Philadelphia
Katie Smith,54,Female,Chicago
Alex Johnson,55,Female,Los Angeles
John Taylor,24,Female,San Antonio
Jane Walker,65,Female,Houston
Chris Hall,65,Female,Phoenix
Michael Taylor,25,Female,Philadelphia
Chris Lee,62,Male,Philadelphia
Katie Lewis,51,Female,Philadelphia
Michael Johnson,37,Male,Phoenix
Chris Hall,30,Male,Houston
Emily Brown,23,Male,Los Angeles
Sarah Lee,39,Female,Phoenix
Chris Brown,37,Female,Phoenix
Jane Hall,22,Male,San Antonio
John Smith,27,Female,Houston
Sarah Smith,56,Female,Philadelphia
Katie Clark,42,Male,Houston
Laura Anderson,34,Male,Phoenix
David Hall,61,Female,San Diego
John Smith,62,Male,New York
Laura Hall,19,Male,Los Angeles
Sarah Smith,54,Male,Houston
Alex Johnson,23,Female,Phoenix
John Smith,27,Male,New York
Laura Walker,24,Female,Houston
Alex Anderson,44,Male,Phoenix
Sarah Lee,61,Male,Los Angeles
Chris Hall,65,Male,New York
Emily Walker,35,Female,San Diego
Jane Smith,25,Female,San Diego
Alex Hall,56,Male,Houston
Alex Clark,42,Female,Los Angeles
Alex Lee,25,Female,New York
Michael Smith,32,Male,Houston
Jane Anderson,28,Male,San Diego
John Walker,51,Female,San Diego
Emily Hall,50,Male,Houston
Chris Taylor,30,Male,Chicago
Alex Lee,58,Female,Philadelphia
John Brown,37,Female,Philadelphia
Chris Lewis,37,Male,Chicago
David Taylor,18,Female,Chicago
Laura Walker,56,Male,Philadelphia
Michael Walker,27,Male,Chicago
Emily Anderson,56,Female,New York
Katie Lee,43,Male,San Antonio
Sarah Lewis,58,Male,Phoenix
David Anderson,26,Female,San Diego
John Smith,57,Male,San Antonio
John Anderson,61,Male,Los Angeles
Chris Walker,50,Female,Phoenix
Sarah Hall,39,Male,Chicago
Laura Clark,56,Female,Chicago
John Smith,45,Male,San Diego
Jane Lewis,40,Male,Los Angeles
Jane Smith,19,Male,New York
Jane Hall,23,Male,Chicago
Laura Hall,26,Male,Houston
Emily Johnson,59,Male,San Antonio
Chris Lewis,50,Female,New York
Alex Brown,27,Female,Houston
Sarah Walker,56,Female,Philadelphia
Michael Lewis,53,Female,Houston
Chris Clark,41,Male,New York
Emily Smith,32,Female,Philadelphia
Chris Brown,50,Male,Houston
Sarah Clark,23,Male,Los Angeles
Alex Smith,55,Female,Chicago
Katie Smith,44,Female,Houston
Michael Lee,64,Female,Houston
Alex Brown,18,Male,San Diego
David Brown,20,Female,New York
Michael Clark,50,Female,Chicago
John Lee,23,Male,Chicago
John Clark,61,Female,Houston
Alex Smith,64,Female,San Antonio
Alex Johnson,41,Male,Phoenix
Chris Clark,59,Female,New York
Jane Hall,27,Female,Houston
Michael Johnson,63,Female,Phoenix
Laura Lewis,35,Female,San Antonio
John Hall,26,Male,Houston
Laura Hall,41,Male,San Diego
Michael Johnson,37,Female,Houston
David Lee,32,Female,San Diego
Sarah Walker,41,Male,San Diego
Emily Johnson,63,Male,Los Angeles
Sarah Hall,26,Female,New York
Jane Lee,26,Female,Chicago
Michael Lewis,35,Male,Philadelphia
John Hall,29,Male,San Antonio
John Smith,60,Male,New York
Sarah Walker,50,Female,Chicago
Chris Johnson,36,Female,Los Angeles
Michael Smith,56,Male,San Diego
Alex Brown,43,Male,San Diego
Michael Smith,50,Female,San Antonio
Emily Smith,31,Male,San Diego
Laura Brown,45,Male,Houston
Michael Clark,41,Female,San Antonio
Michael Brown,28,Male,San Antonio
Emily Johnson,21,Female,San Antonio
Jane Brown,44,Female,Phoenix
Sarah Walker,19,Male,New York
Chris Clark,20,Male,San Antonio
Chris Hall,61,Female,San Diego
Chris Lee,24,Female,Los Angeles
Laura Walker,53,Male,San Antonio
John Johnson,39,Male,Philadelphia
Sarah Smith,19,Male,Chicago
Michael Smith,41,Female,San Diego
Katie Brown,48,Male,Houston
Alex Smith,33,Female,Los Angeles
Laura Walker,19,Female,Los Angeles
David Hall,38,Female,San Antonio
Jane Lewis,31,Female,San Diego
Alex Taylor,45,Female,Chicago
Chris Brown,59,Female,Chicago
Jane Hall,27,Female,Houston
Laura Taylor,49,Female,Los Angeles
Chris Johnson,62,Female,San Antonio
Laura Johnson,62,Male,Philadelphia
Emily Hall,41,Female,New York
Chris Anderson,60,Male,Houston
Alex Lewis,29,Male,San Diego
